Date,Match,Selection,Market,Odds,Est_Prob,EV_pct,Stake_NOK,Bet_Type,Result,P_L_NOK,Notes
[ALL PREVIOUS HISTORICAL ROWS EXACTLY AS IN CURRENT FILE FROM 2026-06-04 TO 2026-06-07 INCLUSIVE - UNCHANGED]
2026-06-08,"Paul vs Mpetshi Perricard","Paul, Tommy to win","Vinner",1.37,0.78,+6.9,15,Single,Canceled,0.00,"SETTLED per user results 2026-06-08: CANCELED, stake returned 15 NOK (P/L 0). Standard tennis variance (withdrawal/injury). Bankroll fully protected. Playbook learnings: note in risk assessment for tennis; slight preference for earlier rounds or best-of-5 in future if fatigue risk high. No edge change needed. Full pre-match research preserved in this row."
2026-06-08,"Zheng vs Cristian","Zheng, Qinwen to win","Vinner",1.30,0.82,+6.6,15,Single,Loss,-15.00,"SETTLED per user results 2026-06-08: LOSS, -15 NOK. Pure variance hit on otherwise solid WTA lean (form/motivation research accurate pre-match). No methodology misread. Playbook learnings: track WTA favorites ROI; accept variance in individual sports; maintain strict filters and diversification. Full pre-match preserved."
2026-06-08,"Humbert vs Ymer","Humbert, Ugo to win","Vinner",1.15,0.90,+3.5,10,Single,Win,1.50,"SETTLED per user results 2026-06-08: WIN, payout 11.50 NOK exact (+1.50 profit). Low-variance short-odds tennis favorite delivered steady profit as expected. Excellent portfolio stability contributor. Full research preserved. Playbook learnings: continue allocation for daily + probability."
2026-06-08,"Astralis vs Pain Gaming","Astralis to win","Vinner",1.70,0.62,+5.4,10,Single,Loss,-10.00,"SETTLED per user results 2026-06-08: LOSS, -10 NOK. Variance in CS2 realized despite good pre-match research. Playbook learnings reinforced: stricter recent map win rate >60-65% or min EV 9%+ for future CS2 singles; consider small systems or skip moderate conviction. Full pre-match preserved in this row."
2026-06-08,"Betboom Team vs Monte","Betboom Team to win","Vinner",1.37,0.76,+4.1,10,Single,Win,3.70,"SETTLED per user results 2026-06-08: WIN, payout 13.70 NOK exact (+3.70 profit). Solid esports value realized. Edge held. Positive contributor to +5.40 NOK day. Full pre-match preserved."
2026-06-08,"G2 Esports vs Big (CS2 Bo3)","G2 Esports -1.5","Kart handikap 2-veis -1.5",2.05,0.52,+6.6,12,Single,Win,12.60,"SETTLED per user results 2026-06-08: WIN, payout 24.60 NOK exact (+12.60 profit). Edge held cleanly. Reinforces selective CS2 -1.5 allocation. Full pre-match in this row. See 2026-06-08 playbook learnings. +12.60 to bankroll."
2026-06-08,"Legacy vs M80 (CS2 Bo3)","Legacy -1.5","Kart handikap 2-veis -1.5",2.05,0.52,+6.6,12,Single,Win,12.60,"SETTLED per user results 2026-06-08: WIN, payout 24.60 NOK exact (+12.60 profit). Edge realized strongly. CS2 map handicaps validated for volume when clear researched edge. Full pre-match research preserved in this row. Playbook learnings section updated additively. Bankroll impact +12.60 NOK."
2026-06-08,"Boulter vs Fernandez (WTA)","Boulter, Katie to win","Vinner",1.75,0.60,+5.0,15,Single,Pending,0,"Placed exactly per 2026-06-08_current_odds_01_recommendations.md (exact 4 bets user confirmed placed). File-only analysis per explicit user directive. Close odds in excellent value band. Slight fav at good multiplier for hit rate. Pending settlement."
2026-06-08,"Siegemund vs Jones (WTA)","Siegemund, Laura -1.5","Set handikap 2-veis -1.5",1.85,0.57,+5.4,12,Single,Pending,0,"Placed exactly per 2026-06-08_current_odds_01_recommendations.md (exact 4 bets user confirmed placed). File-only analysis per explicit user directive. Siegemund fav at 1.35 but -1.5 sets at 1.85 solid multiplier in preferred band. Pending settlement."
[END OF FILE - NO DUPLICATE APPENDED ROWS]