bet_id,date,match,selection,decimal_odds,stake_nok,result,p_l_nok,payout_nok,sport,market_type,odds_band,research_grade,phase,notes,source,created_at,updated_at
e6f9d22df7b6,2026-06-28,Kingborough Lions United FC vs Devonport City SC,Totalt antall mål Over 3.5,1.75,15,Loss,-15,0,football,,1.5-1.8,,1A,"AUTONOMOUS per protocol v2 Section 5 + clean restart + Points 1-6. Pre SHA verified. Per-line research done. POST-SETTLEMENT DEEP DIVE (post-settlement-learning-reviewer + nt-learning-reviewer): Actual result low scoring ~1-0 or under 3.5 total (live updates 1-0, user confirmed Loss despite initial note confusion). Explanation: Variance in NPL Tasmania - defensive masterclass or low motivation/eve",era_archive,2026-07-12T18:04:11Z,2026-07-12T18:04:11Z
e14b6c71496b,2026-06-28,Broadmeadow Magic FC vs Weston Bears FC,Totalt antall mål Over 3.5,1.95,15,Win,14.25,29.25,football,,1.8-2.2,,1A,"AUTONOMOUS per protocol v2 Section 5. POST-SETTLEMENT: 3-1 win, total 4 goals, O3.5 hit. +1W for NPL attacking mismatch Over. Section 5 full. DEEP DIVE: Hit as expected from attacking profiles. Historical good. No change needed.",era_archive,2026-07-12T18:04:11Z,2026-07-12T18:04:11Z
8b93e89f2112,2026-06-28,APIA Leichhardt FC vs Rockdale Ilinden FC,Totalt antall mål Over 3.5,2,15,Loss,-15,0,football,,1.8-2.2,,1A,"AUTONOMOUS per protocol v2 Section 5. POST-SETTLEMENT: 0-2, total 2 goals, O3.5 loss. Variance: defensive masterclass. +1L, tighten filter. Section 5 compliance. DEEP DIVE LOSS (post-settlement-learning-reviewer): Actual 0-2 confirmed Flashscore. Explanation: Rockdale solid defense, APIA not clinical despite H2H high scoring history (avg ~2.5+). Historical Pattern Section 1.5: browse FootyStats H2",era_archive,2026-07-12T18:04:11Z,2026-07-12T18:04:11Z
2925993a60e7,2026-06-28,Qingdao West Coast FC vs Zhejiang FC,Begge lag scorer Ja,1.45,12,Win,5.4,17.4,football,,<1.5,,1A,AUTONOMOUS per protocol v2 Section 5. POST-SETTLEMENT: BTTS yes hit. +1W for CSL mid table BTTS. Section 5 full.,era_archive,2026-07-12T18:04:11Z,2026-07-12T18:04:11Z
38d95092c776,2026-06-28,Virtus.pro vs L1Ga Team,Totalt antall kart Over 2.5,2,10,Win,10,20,football,,1.8-2.2,,1A,AUTONOMOUS per protocol v2 Section 5. POST-SETTLEMENT: O2.5 maps hit. +1W for Esports competitive map totals. Section 5 compliance.,era_archive,2026-07-12T18:04:11Z,2026-07-12T18:04:11Z
570a2cb2a070,2026-06-28,Nomme Kalju FC vs Paide Linnameeskond,Begge lag scorer Ja,1.55,12,Win,6.24,18.24,football,,1.5-1.8,,1A,"AUTONOMOUS per protocol v2 Section 5 + 2026-06-28 Full Clean Restart Completion + Points 1-6 enforcement. bet_log append + bankroll reserve via full SHA workflow BEFORE user output. Pre-fetch SHA ba95f7a7fc59e932ebc66e79a32fb5fc79b56d1b + full content verified header exact + 5 settled rows. Per-line targeted research mandatory: FootyStats browse xG expected 3.17 goals/match, BTTS predicted 73%, H2",era_archive,2026-07-12T18:04:11Z,2026-07-12T18:04:11Z
b1135dcbc4db,2026-06-28,Sotra vs Jerv,Totalt antall mål Over 2.5,1.62,10,Win,6.2,16.2,football,,1.5-1.8,,1A,"AUTONOMOUS per protocol v2 Section 5 + Points 1-6. Per-line research: Sofascore/Forebet Jerv top form good away, Sotra mixed. H2H low sample high variance. Multi-agent Value: Over lean from attacking mismatch Jerv, EV calc ~4% at 62% true prob. Risk: tiered 10 NOK min, DNB alt considered (Jerv win 2.55 higher odds preferred but Over data stronger). Data Hunter: web_search xG implied high, standing",era_archive,2026-07-12T18:04:11Z,2026-07-12T18:04:11Z
6ba6a33dd95c,2026-06-28,Sandvikens IF vs Helsingborg,Begge lag scorer Ja,1.47,10,Win,4.7,14.7,football,,<1.5,,1A,"AUTONOMOUS per protocol v2 Section 5 + Points 1-6. Per-line: Superettan mid table, web_search form Sandvikens mid, Helsingborg better but BTTS 1.47 value from high scoring trends 60%+ Over/BTTS in recent. Multi-agent: Value +EV, Risk tiered 10 NOK, safer BTTS. Data Hunter: FootyStats-like + searches cross H2H 3 goals avg. Historical sim: recent matches high goals. Variety: Swedish Superettan BTTS.",era_archive,2026-07-12T18:04:11Z,2026-07-12T18:04:11Z
106afca879a0,2026-06-28,FCI Levadia Tallinn vs Tallinna FC Flora,Begge lag scorer Ja,1.57,10,Win,5.7,15.7,football,,1.5-1.8,,1A,AUTONOMOUS per protocol v2 Section 5 + 2026-06-28 Full Clean Restart Completion + Points 1-6 enforcement + post-settlement-learning-reviewer + nt-learning-reviewer FULL TRIGGERED. bet_log settlement update + bankroll reserve via full SHA workflow + post-verify BEFORE any user-facing output. Pre-fetch SHA: 0509cac15940164db324246c8aa6a0318792292e + full content verified header exact + row count + n,era_archive,2026-07-12T18:04:11Z,2026-07-12T18:04:11Z
8e4fb0d038d9,2026-06-28,Sharks eSports vs Echo,Totalt antall kart Over 2.5,1.87,10,Win,8.5,18.5,esports,,1.8-2.2,,1A,"AUTONOMOUS per protocol v2 Section 5 + Points 1-6 + variety enforcement. Per-line targeted: CS2 BO3, Tips.GG/Sharks favorite but maps competitive, Over 2.5 value at 1.87 if underdog takes 1 map (historical BO3 often 2-1). web_search preview Sharks 60% win prob but maps variance high. Multi-agent: Value Agent +EV on Over maps (true prob ~55-58%), Risk Manager: high var esports -> tiered 10 NOK min",era_archive,2026-07-12T18:04:11Z,2026-07-12T18:04:11Z
8393977f435b,2026-06-28,Wales U19 vs Spain U19,Totalt antall mål Over 3.5,1.77,12,Win,9.24,21.24,football,,1.5-1.8,,1A,AUTONOMOUS per protocol v2 Section 5 + 2026-06-28 Full Clean Restart Completion + Points 1-6 enforcement + post-settlement-learning-reviewer + nt-learning-reviewer FULL TRIGGERED. bet_log settlement update + bankroll reserve via full SHA workflow BEFORE any user-facing output. Pre-fetch SHA: 0509cac15940164db324246c8aa6a0318792292e + full content verified header exact + row count + no breaks + pro,era_archive,2026-07-12T18:04:11Z,2026-07-12T18:04:11Z
2c2a8f223606,2026-06-28,San Diego Padres vs Los Angeles Dodgers,Totalt 7.5 (inkludert ekstra innings) Over 7.5,1.7,12,Loss,-12,0,football,,1.5-1.8,,1A,AUTONOMOUS per protocol v2 Section 5 + 2026-06-28 Full Clean Restart Completion + Points 1-6 enforcement + per-line targeted research mandatory + multi-agent simulation (Value/Risk/Data Hunter/Contrarian) + historical sim Section 1.5 + finer-details pipeline + variety + post-settlement-learning-reviewer + nt-learning-reviewer FULL TRIGGERED. bet_log settlement update + bankroll reserve via full SH,era_archive,2026-07-12T18:04:11Z,2026-07-12T18:04:11Z
5e4e2fac8e1f,2026-06-28,IC eSports vs Acend,Totalt antall kart Over 4.5,2.45,10,Loss,-10,0,esports,,2.2-2.5,,1A,AUTONOMOUS per protocol v2 Section 5 + 2026-06-28 Full Clean Restart Completion + Points 1-6 enforcement + post-settlement-learning-reviewer + nt-learning-reviewer FULL TRIGGERED. bet_log settlement update + bankroll reserve via full SHA workflow BEFORE any user-facing output. Pre-fetch SHA: 1c2750fb1eb0cc1223079b3c6b628708a1894f32 + full content verified header exact + row count + no breaks + pro,era_archive,2026-07-12T18:04:11Z,2026-07-12T18:04:11Z
c9596dccc05d,2026-06-28,South Africa vs Canada (FIFA World Cup 2026 Round of 32),Canada to Win,1.82,15,Win,12,27,football,,1.8-2.2,,1A,AUTONOMOUS per protocol v2 Section 5 + 2026-06-28 Full Clean Restart Completion + Points 1-6 enforcement + per-sport soccer checklist (lineups/motivation/H2H/recent form/weather/ref/VAR/xG/historical priority) + post-settlement-learning-reviewer + nt-learning-reviewer FULL TRIGGERED. bet_log settlement update + bankroll reserve via full SHA workflow BEFORE any user-facing output. Pre-fetch SHA: 1c,era_archive,2026-07-12T18:04:11Z,2026-07-12T18:04:11Z
75cdf528028a,2026-06-28,South Africa vs Canada (FIFA World Cup 2026 Round of 32),Under 2.5 Total Goals,1.58,12,Win,7.44,19.44,football,,1.5-1.8,,1A,AUTONOMOUS per protocol v2 Section 5 + 2026-06-28 Full Clean Restart Completion + Points 1-6 enforcement + per-sport soccer checklist + post-settlement-learning-reviewer + nt-learning-reviewer FULL TRIGGERED. bet_log settlement update + bankroll reserve via full SHA workflow BEFORE any user-facing output. Pre-fetch SHA: 1c2750fb1eb0cc1223079b3c6b628708a1894f32 verified. Per-line targeted research,era_archive,2026-07-12T18:04:11Z,2026-07-12T18:04:11Z
eac9ca9f2c3e,2026-06-28,South Africa vs Canada (FIFA World Cup 2026 Round of 32),Jonathan David to Score,2.35,10,Loss,-10,0,football,,2.2-2.5,,1A,AUTONOMOUS per protocol v2 Section 5 + 2026-06-28 Full Clean Restart Completion + Points 1-6 enforcement + per-sport soccer checklist + Finer Details Pipeline + post-settlement-learning-reviewer + nt-learning-reviewer FULL TRIGGERED. bet_log settlement update + bankroll reserve via full SHA workflow BEFORE any user-facing output. Pre-fetch SHA: 1c2750fb1eb0cc1223079b3c6b628708a1894f32 verified. Pe,era_archive,2026-07-12T18:04:11Z,2026-07-12T18:04:11Z
6ab79ae37573,2026-06-28,Atlanta Braves vs San Francisco Giants,Under 7.5 Totalt (inkludert ekstra innings),1.81,10,Win,8.1,18.1,football,,1.8-2.2,,1A,AUTONOMOUS per protocol v2 Section 5 + 2026-06-28 Full Clean Restart Completion + Points 1-6 enforcement + per-line targeted research mandatory + multi-agent + historical + finer pipeline + variety + post-settlement-learning-reviewer + nt-learning-reviewer FULL TRIGGERED. bet_log settlement update + bankroll reserve via full SHA workflow BEFORE any user-facing output. Pre-fetch SHA: 1c2750fb1eb0cc,era_archive,2026-07-12T18:04:11Z,2026-07-12T18:04:11Z
17bcf0359af6,2026-06-28,Chicago Sky vs Las Vegas Aces,Handikap 7.5 Las Vegas Aces -7.5,1.82,12,Win,9.84,21.84,football,,1.8-2.2,,1A,AUTONOMOUS per protocol v2 Section 5 + 2026-06-28 Full Clean Restart Completion + Points 1-6 + per-line + multi-agent + variety/new types + post-settlement-learning-reviewer + nt-learning-reviewer FULL TRIGGERED. bet_log settlement update + bankroll reserve via full SHA workflow BEFORE any user-facing output. Pre-fetch SHA: 1c2750fb1eb0cc1223079b3c6b628708a1894f32 verified. Per-line targeted resea,era_archive,2026-07-12T18:04:11Z,2026-07-12T18:04:11Z
f294b1b92a73,2026-06-29,Golden State Valkyries vs New York Liberty,Totalt 163.5 Over 163.5,1.77,12,Loss,-12,0,football,,1.5-1.8,,1A,AUTONOMOUS per protocol v2 Section 5 + 2026-06-28 Full Clean Restart Completion + Points 1-6 enforcement + per-sport WNBA checklist (pace/form/injuries/motivation/H2H/recent trends/pace factors) + per-line targeted research mandatory + post-settlement-learning-reviewer + nt-learning-reviewer FULL TRIGGERED. bet_log settlement update + bankroll reserve via full SHA workflow BEFORE any user-facing o,era_archive,2026-07-12T18:04:11Z,2026-07-12T18:04:11Z
0da429651d2d,2026-06-29,Boston Red Sox vs New York Yankees,Totalt 7.5 Over 7.5,1.73,12,Win,8.76,20.76,mlb,,1.5-1.8,,1A,AUTONOMOUS per protocol v2 Section 5 + 2026-06-28 Full Clean Restart Completion + Points 1-6 enforcement + per-line targeted research mandatory + multi-agent + historical + finer pipeline + post-settlement-learning-reviewer + nt-learning-reviewer FULL TRIGGERED. bet_log settlement update + bankroll reserve via full SHA workflow BEFORE any user-facing output. Pre-fetch SHA 65c6cfd68645960727783ab01,era_archive,2026-07-12T18:04:11Z,2026-07-12T18:04:11Z
de37b1f290d5,2026-06-29,T1 vs Karmine Corp,Totalt antall kart Over 3.5,1.6,12,Loss,-12,0,football,,1.5-1.8,,1A,AUTONOMOUS per protocol v2 Section 5 + 2026-06-28 Full Clean Restart Completion + Points 1-6 enforcement + per-line targeted research mandatory + esports checklist + post-settlement-learning-reviewer + nt-learning-reviewer FULL TRIGGERED. bet_log settlement update + bankroll reserve via full SHA workflow BEFORE any user-facing output. Pre-fetch SHA 65c6cfd68645960727783ab01a29f504d60baa7e verified,era_archive,2026-07-12T18:04:11Z,2026-07-12T18:04:11Z
26fc90c46035,2026-06-29,Woollaston vs Davies (Snooker Championship League),Woollaston to win,2.15,10,Loss,-10,0,snooker,,1.8-2.2,,1A,AUTONOMOUS per protocol v2 Section 5 + 2026-06-28 Full Clean Restart Completion + Points 1-6 enforcement + variety enforcement (snooker non-football/tennis) + per-line targeted/specific research with player form comparisons + multi-agent internal simulation (Value/Risk/Data Hunter/Contrarian Agents) + historical FBref/Transfermarkt equiv patterns + simulation per Section 1.5 + bet_log_archives/ +,era_archive,2026-07-12T18:04:11Z,2026-07-12T18:04:11Z
2a6517aa713a,2026-06-29,Tararudee vs Tagger (Wimbledon WTA),Tararudee +1.5 sets,1.45,12,Win,5.4,17.4,tennis,,<1.5,,1A,AUTONOMOUS per protocol v2 Section 5 + 2026-06-28 Full Clean Restart Completion + Points 1-6 enforcement + variety enforcement (tennis) + per-line targeted/specific research with player form comparisons instead of general sources + multi-agent internal simulation (Value/Risk/Data Hunter/Contrarian) + historical patterns + simulation per Section 1.5 + tiered staking + DNB preference (high-var WTA p,era_archive,2026-07-12T18:04:11Z,2026-07-12T18:04:11Z
3d3e7a51ded2,2026-06-29,Brazil vs Japan (FIFA World Cup 2026 Round of 32),Vinicius Junior to score,2.45,12,Loss,-12,0,football,,2.2-2.5,,1A,AUTONOMOUS per protocol v2 Section 5 + 2026-06-28 Full Clean Restart Completion + Points 1-6 enforcement + per-sport soccer checklist (lineups/motivation/H2H/recent form/weather/ref/VAR/xG/historical priority) + per-line targeted research with player form comparisons + Finer Details Pipeline Applied (lineup confirmation for Vini confirmed starter per RotoWire/FotMob/ESPN/Yahoo/Sofascore 5+ sources,era_archive,2026-07-12T18:04:11Z,2026-07-12T18:04:11Z
a03a70153fc7,2026-06-29,Brazil vs Japan (FIFA World Cup 2026 Round of 32),Japan +1,2.1,10,Loss,-10,0,football,,1.8-2.2,,1A,AUTONOMOUS per protocol v2 Section 5 + 2026-06-28 Full Clean Restart Completion + Points 1-6 enforcement + per-sport soccer checklist (lineups/motivation/H2H/recent form/weather/ref/VAR/xG/historical priority) + per-line targeted research + Finer Details Pipeline Applied (lineup confirmation for both sides per multiple sources; Japan Itakura doubtful but core XI stable) + multi-agent internal simu,era_archive,2026-07-12T18:04:11Z,2026-07-12T18:04:11Z
429284531114,2026-06-29,Germany vs Paraguay (FIFA World Cup 2026 Round of 32),Tyskland -1,2,15,Loss,-15,0,football,,1.8-2.2,,1A,"SETTLED APPEND-ONLY per user explicit instruction (do not delete/edit existing lines, only append). Original pending row preserved. Result: Loss P/L: -15. POST-SETTLEMENT DEEP DIVE (post-settlement-learning-reviewer + nt-learning-reviewer FULL TRIGGERED per robust_betting_protocol_v2.md Sections 2,5,9 + nt-betting-skills.md): Actual 1-1 (Enciso 42', Havertz 54' header), Paraguay won 4-3 on pens (G",era_archive,2026-07-12T18:04:11Z,2026-07-12T18:04:11Z
ad93f6180a24,2026-06-29,Germany vs Paraguay (FIFA World Cup 2026 Round of 32),Kai Havertz scorer,2.1,10,Win,11,21,football,,1.8-2.2,,1A,"SETTLED APPEND-ONLY per user explicit instruction (do not delete/edit existing lines, only append). Original pending row preserved. Result: Win P/L: +11 (payout 21 - stake 10). POST-SETTLEMENT DEEP DIVE (post-settlement-learning-reviewer + nt-learning-reviewer FULL TRIGGERED per robust_betting_protocol_v2.md Sections 2,5,9 + nt-betting-skills.md): Actual Havertz scored 54' header (win for prop). E",era_archive,2026-07-12T18:04:11Z,2026-07-12T18:04:11Z
122cc46cb33a,2026-06-29,Germany vs Paraguay (FIFA World Cup 2026 Round of 32),Tyskland over 2.5 mål,2.4,12,Loss,-12,0,football,,2.2-2.5,,1A,"SETTLED APPEND-ONLY per user explicit instruction (do not delete/edit existing lines, only append). Original pending row preserved. Result: Loss P/L: -12. POST-SETTLEMENT DEEP DIVE (post-settlement-learning-reviewer + nt-learning-reviewer FULL TRIGGERED): Actual total 2 goals (under). Explanation: Low-event cagey KO realized despite xG. Tools + historical (WC R32 low scoring tendency) confirmed. M",era_archive,2026-07-12T18:04:11Z,2026-07-12T18:04:11Z
d8b6ffa91e52,2026-06-29,Baltimore Orioles vs Chicago White Sox,Under 9.5 (inkludert ekstra innings),1.74,12,Loss,-12,0,mlb,,1.5-1.8,,1A,"SETTLED APPEND-ONLY per user explicit instruction (do not delete/edit existing lines, only append). Original pending row preserved. Result: Loss P/L: -12 (total 10 runs). POST-SETTLEMENT DEEP DIVE (post-settlement-learning-reviewer + nt-learning-reviewer FULL TRIGGERED): Actual 2-8 White Sox, total 10 runs (over 9.5). Explanation: Pitching variance realized (mediocre arms). Tools (web_search resul",era_archive,2026-07-12T18:04:11Z,2026-07-12T18:04:11Z
879813e730db,2026-06-29,New York Yankees vs Detroit Tigers,Under 7.5 (inkludert ekstra innings),1.9,10,Loss,-10,0,mlb,,1.8-2.2,,1A,"SETTLED APPEND-ONLY per user explicit instruction (do not delete/edit existing lines, only append). Original pending row preserved. Result: Loss P/L: -10. POST-SETTLEMENT DEEP DIVE (post-settlement-learning-reviewer + nt-learning-reviewer FULL TRIGGERED): Actual over 7.5 per user settlement + previews. Explanation: Variance in low total line. Tools + historical (rivalry/park factors) confirmed. Le",era_archive,2026-07-12T18:04:11Z,2026-07-12T18:04:11Z
0440fd22476f,2026-06-29,Netherlands vs Morocco (FIFA World Cup 2026 Round of 32),Nederland vinner,2.35,12,Loss,-12,0,football,,2.2-2.5,,1A,"SETTLED APPEND-ONLY per user explicit instruction (do not delete/edit existing lines, only append). Original pending row preserved. Result: Loss P/L: -12. POST-SETTLEMENT DEEP DIVE (post-settlement-learning-reviewer + nt-learning-reviewer FULL TRIGGERED): Actual 1-1, Morocco won 3-2 on pens (Gakpo 72', Diop 90+1'). Nederland failed to win. Explanation: Defensive solidity, counters, pens upset real",era_archive,2026-07-12T18:04:11Z,2026-07-12T18:04:11Z
74fdc7d6c9ad,2026-06-29,Netherlands vs Morocco (FIFA World Cup 2026 Round of 32),Under 2.5 Total Goals,1.65,10,Win,6.5,16.5,football,,1.5-1.8,,1A,"SETTLED APPEND-ONLY per user explicit instruction (do not delete/edit existing lines, only append). Original pending row preserved. Result: Win P/L: +6.5 (payout 16.50 - stake 10). POST-SETTLEMENT DEEP DIVE (post-settlement-learning-reviewer + nt-learning-reviewer FULL TRIGGERED): Actual 2 goals total (under). Explanation: Cagey R32 tendency + motivation defensive awareness realized. Tools + histo",era_archive,2026-07-12T18:04:11Z,2026-07-12T18:04:11Z
b1ab3494b16f,2026-06-29,Netherlands vs Morocco (FIFA World Cup 2026 Round of 32),Brian Brobbey to score,3,10,Loss,-10,0,football,,>=3.0,,1A,"SETTLED APPEND-ONLY per user explicit instruction (do not delete/edit existing lines, only append). Original pending row preserved. Result: Loss P/L: -10. POST-SETTLEMENT DEEP DIVE (post-settlement-learning-reviewer + nt-learning-reviewer FULL TRIGGERED): Actual Brobbey no goal despite starter/form. Explanation: Finishing variance in tight 1-1 pens game realized. Tools + historical (WC R32 player",era_archive,2026-07-12T18:04:11Z,2026-07-12T18:04:11Z
12f2dc71159f,2026-06-29,Netherlands vs Morocco (FIFA World Cup 2026 Round of 32),Netherlands Over 4.5 Corners,1.9,10,Win,9,19,football,,1.8-2.2,,1A,"SETTLED APPEND-ONLY per user explicit instruction (do not delete/edit existing lines, only append). Original pending row preserved. Result: Win P/L: +9 (payout 19 - stake 10). POST-SETTLEMENT DEEP DIVE (post-settlement-learning-reviewer + nt-learning-reviewer FULL TRIGGERED): Actual over 4.5 corners hit per payout. Explanation: NL attack pressure + set pieces vs block realized. Tools + historical",era_archive,2026-07-12T18:04:11Z,2026-07-12T18:04:11Z
adce648d294a,2026-07-01,Frankrike vs Sverige (FIFA World Cup 2026 Round of 32),Totalt antall mål Over 2.5,1.38,15,Win,6,21,football,,<1.5,,1A,"AUTONOMOUS per protocol v2 Section 5 + 2026-06-28 Full Clean Restart Completion + post-settlement-learning-reviewer + nt-learning-reviewer FULL TRIGGERED. bet_log settlement append-only (new line, original pending preserved per user 'only append lines! Do not delete a single line'). Pre-fetch SHA: 10734ea762d431e53b21317ea8ebccd025888c69 + full content verified header exact match, row count +1, al",era_archive,2026-07-12T18:04:11Z,2026-07-12T18:04:11Z
a82cebd88453,2026-07-01,Ivory Coast vs Norway (FIFA World Cup 2026 R32),Erling Haaland to score (anytime),1.75,15,Win,14.55,29.55,football,,1.5-1.8,,1A,"AUTONOMOUS per protocol v2 Section 5 + 2026-06-28 Full Clean Restart Completion + post-settlement-learning-reviewer + nt-learning-reviewer FULL TRIGGERED. bet_log settlement append-only (new line, original pending preserved per user 'only append lines! Do not delete a single line'). Pre-fetch SHA: 10734ea762d431e53b21317ea8ebccd025888c69 + full content verified header exact match, row count +1, al",era_archive,2026-07-12T18:04:11Z,2026-07-12T18:04:11Z
e6974181e0d4,2026-07-01,Ivory Coast vs Norway (FIFA World Cup 2026 R32),Norway to win,2,20,Win,22,42,football,,1.8-2.2,,1A,"AUTONOMOUS per protocol v2 Section 5 + 2026-06-28 Full Clean Restart Completion + post-settlement-learning-reviewer + nt-learning-reviewer FULL TRIGGERED. bet_log settlement append-only (new line, original pending preserved per user 'only append lines! Do not delete a single line'). Pre-fetch SHA: 10734ea762d431e53b21317ea8ebccd025888c69 + full content verified header exact match, row count +1, al",era_archive,2026-07-12T18:04:11Z,2026-07-12T18:04:11Z
13965759faf6,2026-07-01,Ivory Coast vs Norway (FIFA World Cup 2026 R32),Over 2.5 total goals,1.77,10,Win,13,23,football,,1.5-1.8,,1A,"AUTONOMOUS per protocol v2 Section 5 + 2026-06-28 Full Clean Restart Completion + post-settlement-learning-reviewer + nt-learning-reviewer FULL TRIGGERED. bet_log settlement append-only (new line, original pending preserved per user 'only append lines! Do not delete a single line'). Pre-fetch SHA: 10734ea762d431e53b21317ea8ebccd025888c69 + full content verified header exact match, row count +1, al",era_archive,2026-07-12T18:04:11Z,2026-07-12T18:04:11Z
d3c4f183d7d6,2026-07-01,Griekspoor vs Duckworth (Wimbledon),Set handikap 2-veis -2.5 Griekspoor,3.25,10,Loss,-10,0,tennis,,>=3.0,,1A,"AUTONOMOUS per protocol v2 Section 5 + 2026-06-28 Full Clean Restart Completion + post-settlement-learning-reviewer + nt-learning-reviewer FULL TRIGGERED. bet_log settlement append-only (new line, original pending preserved per user 'only append lines! Do not delete a single line'). Pre-fetch SHA: 10734ea762d431e53b21317ea8ebccd025888c69 + full content verified header exact match, row count +1, al",era_archive,2026-07-12T18:04:11Z,2026-07-12T18:04:11Z
87b19823e8e2,2026-07-01,Slessor vs Wenwei Liu (Championship League Snooker),Slessor Elliot (1. Parti - Vinner),1.37,10,Win,3.7,13.7,snooker,,<1.5,,1A,"AUTONOMOUS per protocol v2 Section 5 + 2026-06-28 Full Clean Restart Completion + post-settlement-learning-reviewer + nt-learning-reviewer FULL TRIGGERED. bet_log settlement append-only (new line, original pending preserved per user 'only append lines! Do not delete a single line'). Pre-fetch SHA: 10734ea762d431e53b21317ea8ebccd025888c69 + full content verified header exact match, row count +1, al",era_archive,2026-07-12T18:04:11Z,2026-07-12T18:04:11Z
caf0a6d316f0,2026-07-01,Vaasan Palloseura vs Inter Turku (Suomen Cup Semi-Final),Inter Turku,2.1,15,Win,17.25,32.25,football,,1.8-2.2,,1A,"AUTONOMOUS per protocol v2 Section 5 + 2026-06-28 Full Clean Restart Completion + post-settlement-learning-reviewer + nt-learning-reviewer FULL TRIGGERED. bet_log settlement append-only (new line, original pending preserved per user 'only append lines! Do not delete a single line'). Pre-fetch SHA: 10734ea762d431e53b21317ea8ebccd025888c69 + full content verified header exact match, row count +1, al",era_archive,2026-07-12T18:04:11Z,2026-07-12T18:04:11Z
0cff66b3c5a8,2026-07-01,SD Raiders FC vs Sydney FC Youth,Totalt antall mål Over 2.5,1.67,10,Loss,-10,0,football,,1.5-1.8,,1A,"AUTONOMOUS per protocol v2 Section 5 + 2026-06-28 Full Clean Restart Completion + post-settlement-learning-reviewer + nt-learning-reviewer FULL TRIGGERED. bet_log settlement append-only (new line, original pending preserved per user 'only append lines! Do not delete a single line'). Pre-fetch SHA: 10734ea762d431e53b21317ea8ebccd025888c69 + full content verified header exact match, row count +1, al",era_archive,2026-07-12T18:04:11Z,2026-07-12T18:04:11Z
01b136fa42a5,2026-07-01,Frankrike vs Sverige (FIFA World Cup 2026 Round of 32),Kylian Mbappe scorer mål,1.52,10,Win,5.5,15.5,football,,1.5-1.8,,1A,"AUTONOMOUS per protocol v2 Section 5 + 2026-06-28 Full Clean Restart Completion + post-settlement-learning-reviewer + nt-learning-reviewer FULL TRIGGERED. bet_log settlement append-only (new line, original pending preserved per user 'only append lines! Do not delete a single line'). Pre-fetch SHA: 10734ea762d431e53b21317ea8ebccd025888c69 + full content verified header exact match, row count +1, al",era_archive,2026-07-12T18:04:11Z,2026-07-12T18:04:11Z
3a39f8747a87,2026-07-01,Frankrike vs Sverige (FIFA World Cup 2026 Round of 32),Begge lag scorer Ja,1.67,10,Loss,-10,0,football,,1.5-1.8,,1A,"AUTONOMOUS per protocol v2 Section 5 + 2026-06-28 Full Clean Restart Completion + post-settlement-learning-reviewer + nt-learning-reviewer FULL TRIGGERED. bet_log settlement append-only (new line, original pending preserved per user 'only append lines! Do not delete a single line'). Pre-fetch SHA: 10734ea762d431e53b21317ea8ebccd025888c69 + full content verified header exact match, row count +1, al",era_archive,2026-07-12T18:04:11Z,2026-07-12T18:04:11Z
1d57ffbb2798,2026-07-01,Mexico vs Ecuador (FIFA World Cup 2026 Round of 32),Raul Jimenez to score (anytime),3.05,10,Win,20.5,30.5,football,,>=3.0,,1A,"AUTONOMOUS per protocol v2 Section 5 + 2026-06-28 Full Clean Restart Completion + post-settlement-learning-reviewer + nt-learning-reviewer FULL TRIGGERED. bet_log settlement append-only (new line per user explicit 'Only edit the file, do not delete a single line! Do not delete anything from the file, only append lines!'). Pre-fetch SHA: e2f403ae61894786faf40cd9db81b262d34c08de + full content verif",era_archive,2026-07-12T18:04:11Z,2026-07-12T18:04:11Z
e0a2c084e5eb,2026-07-01,Mexico vs Ecuador (FIFA World Cup 2026 Round of 32),Under 2.5 Total Goals,1.4,10,Win,4,14,football,,<1.5,,1A,AUTONOMOUS per protocol v2 Section 5 + 2026-06-28 Full Clean Restart Completion + post-settlement-learning-reviewer + nt-learning-reviewer FULL TRIGGERED. bet_log settlement append-only (new line per user explicit 'only append lines!'). Pre-fetch SHA verified. SETTLED WIN +4 NOK (payout 14 confirmed). POST-SETTLEMENT DEEP DIVE: Actual 2 goals total (under). Explanation/high-conviction win: Control,era_archive,2026-07-12T18:04:11Z,2026-07-12T18:04:11Z
c8be0f67e412,2026-07-01,Mexico vs Ecuador (FIFA World Cup 2026 Round of 32),Mexico to win,2.2,15,Win,18,33,football,,2.2-2.5,,1A,"AUTONOMOUS per protocol v2 Section 5 + 2026-06-28 Full Clean Restart Completion + post-settlement-learning-reviewer + nt-learning-reviewer FULL TRIGGERED. bet_log settlement append-only (new line per user explicit 'only append lines!'). Pre-fetch SHA verified. SETTLED WIN +18 NOK (payout 33 confirmed). POST-SETTLEMENT DEEP DIVE: Actual 2-0 win. Explanation/high-conviction win: Home motivation, qua",era_archive,2026-07-12T18:04:11Z,2026-07-12T18:04:11Z
c343af0e47a1,2026-07-01,England vs DR Congo (FIFA WC 2026 R32),Harry Kane to score (anytime),1.8,15,Win,11.25,26.25,football,,1.8-2.2,,1A,,live,2026-07-12T18:04:11Z,2026-07-12T18:04:11Z
e06957b54bfe,2026-07-01,England vs DR Congo (FIFA WC 2026 R32),BTTS No (England clean sheet lean),1.43,12,Loss,-12,0,football,,<1.5,,1A,,live,2026-07-12T18:04:11Z,2026-07-12T18:04:11Z
99d97e710f68,2026-07-01,England vs DR Congo (FIFA WC 2026 R32),England Over 6.5 corners,1.62,10,Loss,-10,0,football,,1.5-1.8,,1A,,live,2026-07-12T18:04:11Z,2026-07-12T18:04:11Z
84ecc4622082,2026-07-01,HJK Helsinki vs Ilves Tampere (Suomen Cup),Ilves DNB (Uavgjort tilbakebetales),3,15,Loss,-15,0,football,,>=3.0,,1A,,live,2026-07-12T18:04:11Z,2026-07-12T18:04:11Z
d0286e450e6d,2026-07-01,Eskilsminne IF vs Kristianstad FC (Ettan Södra),Draw,3.5,12,Loss,-12,0,football,,>=3.0,,1A,,live,2026-07-12T18:04:11Z,2026-07-12T18:04:11Z
828034f54a8b,2026-07-01,Denmark U19 vs Spain U19 (U19 EURO Grp A),Spain U19 -1,2.05,18,Win,18.9,36.9,football,,1.8-2.2,,1A,,live,2026-07-12T18:04:11Z,2026-07-12T18:04:11Z
f2f6a85aebdb,2026-07-01,Baltimore Orioles vs Chicago White Sox (MLB),Under 10.5 (incl. extras),1.77,15,Win,11.55,26.55,mlb,,1.5-1.8,,1A,,live,2026-07-12T18:04:11Z,2026-07-12T18:04:11Z
ca6caa104182,2026-07-01,Brandon Nakashima vs Jan-Lennard Struff (Wimbledon Tennis),Nakashima -1.5 sets,1.52,12,Loss,-12,0,tennis,,1.5-1.8,,1A,,live,2026-07-12T18:04:11Z,2026-07-12T18:04:11Z
6c858b0a71f4,2026-07-01,Belinda Bencic vs Xinyu Wang (Tennis),Bencic to win 2-0,1.75,10,Win,7.5,17.5,tennis,,1.5-1.8,,1A,,live,2026-07-12T18:04:11Z,2026-07-12T18:04:11Z
c53b729f9446,2026-07-01,Peifan Lei vs Chatchapong Nasa (HUB Snooker),Peifan Lei to win (or 1. Parti alt),1.47,10,Win,4.7,14.7,esports,,<1.5,,1A,,live,2026-07-12T18:04:11Z,2026-07-12T18:04:11Z
d7505712375d,2026-07-01,Belgium vs Senegal (FIFA WC 2026 R32),Belgium DNB (Uavgjort tilbakebetales),1.4,20,Refunded,0,20,football,,<1.5,,1A,,live,2026-07-12T18:04:11Z,2026-07-12T18:04:11Z
f9fe9a4e9fb5,2026-07-01,Belgium vs Senegal (FIFA WC 2026 R32),Over 2.5 Goals,1.75,12,Win,9,21,football,,1.5-1.8,,1A,,live,2026-07-12T18:04:11Z,2026-07-12T18:04:11Z
c4e1355c344f,2026-07-01,Belgium vs Senegal (FIFA WC 2026 R32),Begge lag scorer Ja,1.62,10,Win,6.2,16.2,football,,1.5-1.8,,1A,,live,2026-07-12T18:04:11Z,2026-07-12T18:04:11Z
6e6eb4a53a44,2026-07-01,Belgium vs Senegal (FIFA WC 2026 R32),Jeremy Doku to score anytime,3.3,10,Loss,-10,0,football,,>=3.0,,1A,,live,2026-07-12T18:04:11Z,2026-07-12T18:04:11Z
bed612ccd967,2026-07-02,USA vs Bosnia-Herzegovina (FIFA WC 2026 R32),BTTS Nei,1.77,12,Win,9.24,21.24,football,,1.5-1.8,,1A,,live,2026-07-12T18:04:11Z,2026-07-12T18:04:11Z
b2b3c0b98635,2026-07-02,USA vs Bosnia-Herzegovina (FIFA WC 2026 R32),Over 2.5 Goals,1.62,12,Loss,-12,0,football,,1.5-1.8,,1A,,live,2026-07-12T18:04:11Z,2026-07-12T18:04:11Z
04ef96f9f256,2026-07-02,USA vs Bosnia-Herzegovina (FIFA WC 2026 R32),Folarin Balogun to score (anytime),1.92,10,Win,9.2,19.2,football,,1.8-2.2,,1A,,live,2026-07-12T18:04:11Z,2026-07-12T18:04:11Z
be65f9d5231d,2026-07-01,Belgium vs Senegal (FIFA WC 2026 R32) Extra Time,Extra Time Draw (Uavgjort),1.95,15,Loss,-15,0,football,,1.8-2.2,,1A,,live,2026-07-12T18:04:11Z,2026-07-12T18:04:11Z
11e426fce413,2026-07-01,Belgium vs Senegal (FIFA WC 2026 R32) Extra Time,Extra Time 0-0 Correct Score,2.35,10,Loss,-10,0,football,,2.2-2.5,,1A,,live,2026-07-12T18:04:11Z,2026-07-12T18:04:11Z
b0a045181ad3,2026-07-01,Belgium vs Senegal (FIFA WC 2026 R32) Extra Time,Extra Time Under 0.5 Goals,2.35,10,Loss,-10,0,football,,2.2-2.5,,1A,,live,2026-07-12T18:04:11Z,2026-07-12T18:04:11Z
8a246b713a3e,2026-07-02,BMW International Open (DP World Tour) Golf,Joaquin Niemann to win,7.8,12,Loss,-12,0,golf,,>=3.0,,1A,,live,2026-07-12T18:04:11Z,2026-07-12T18:04:11Z
36d9ad9749f9,2026-07-02,Arthur Fery vs Otto Virtanen (Wimbledon),Fery to win,2.2,10,Win,12,22,tennis,,2.2-2.5,,1A,,live,2026-07-12T18:04:11Z,2026-07-12T18:04:11Z
2030049fc53d,2026-07-02,Betboom Team vs Big (XSE Pro League CS2),Betboom Team to win,1.4,10,Win,4,14,esports,,<1.5,,1A,,live,2026-07-12T18:04:11Z,2026-07-12T18:04:11Z
e5fcff9ac39b,2026-07-02,Lyn vs Åsane (Norway 1. Division),Åsane DNB (Uavgjort tilbakebetales),2.45,10,Loss,-10,0,football,,2.2-2.5,,1A,,live,2026-07-12T18:04:11Z,2026-07-12T18:04:11Z
31ec6b3dca0c,2026-07-02,"Moody, Stan vs Carrington, Stuart (HUB Snooker)","Moody, Stan to win",1.65,12,Win,7.8,19.8,esports,,1.5-1.8,,1A,,live,2026-07-12T18:04:11Z,2026-07-12T18:04:11Z
a7619139d4b6,2026-07-02,Friedli J / Jordan J vs Caldwell C / Schalk C (Beach Volleyball),Friedli J / Jordan J +0.5,1.85,10,Loss,-10,0,football,,1.8-2.2,,1A,,live,2026-07-12T18:04:11Z,2026-07-12T18:04:11Z
ff0eb3b54f96,2026-07-02,RS Berkane vs Wydad AC (Botola Pro),RS Berkane DNB (Uavgjort tilbakebetales),1.4,12,Win,4.8,16.8,football,,<1.5,,1A,,live,2026-07-12T18:04:11Z,2026-07-12T18:04:11Z
9396cbd42afc,2026-07-02,Milwaukee Brewers vs Cincinnati Reds (MLB),Under 6.5 (incl. extras),1.91,10,Loss,-10,0,mlb,,1.8-2.2,,1A,,live,2026-07-12T18:04:11Z,2026-07-12T18:04:11Z
15005e912f72,2026-07-02,"Moody, Stan vs Wells, Daniel (HUB Snooker)","Moody, Stan to win",2.15,10,Win,11.5,21.5,esports,,1.8-2.2,,1A,,live,2026-07-12T18:04:11Z,2026-07-12T18:04:11Z
548b5234a597,2026-07-02,Spain vs Austria (FIFA WC 2026 R32),Under 2.5 Goals,2.2,12,Loss,-12,0,football,,2.2-2.5,,1A,,live,2026-07-12T18:04:11Z,2026-07-12T18:04:11Z
ce71f60147a9,2026-07-02,Spain vs Austria (FIFA WC 2026 R32),Lamine Yamal To Score Or Assist,1.55,10,Loss,-10,0,football,,1.5-1.8,,1A,,live,2026-07-12T18:04:11Z,2026-07-12T18:04:11Z
3e13f26e02ea,2026-07-02,Spain vs Austria (FIFA WC 2026 R32) 1. omgang,Over 0.5 mål,1.62,12,Win,9.24,21.24,football,,1.5-1.8,,1A,,live,2026-07-12T18:04:11Z,2026-07-12T18:04:11Z
8b278a314be1,2026-07-02,Portugal vs Kroatia (FIFA WC 2026 R32),Portugal DNB (Uavgjort tilbakebetales),1.27,15,Win,4.8,19.8,football,,<1.5,,1A,,live,2026-07-12T18:04:11Z,2026-07-12T18:04:11Z
9c4eadac5958,2026-07-02,Portugal vs Kroatia (FIFA WC 2026 R32),Begge lag scorer Ja,1.75,10,Win,7.7,17.7,football,,1.5-1.8,,1A,,live,2026-07-12T18:04:11Z,2026-07-12T18:04:11Z
ac12f4e38cbf,2026-07-02,Phoenix Mercury vs Seattle Storm (WNBA),Phoenix Mercury to win,1.5,12,Win,7.2,19.2,football,,1.5-1.8,,1A,,live,2026-07-12T18:04:11Z,2026-07-12T18:04:11Z
d42c4ec7926b,2026-07-02,Faze Clan vs Sinners eSports (CS2),Faze Clan to win,1.47,10,Win,4.7,14.7,esports,,<1.5,,1A,,live,2026-07-12T18:04:11Z,2026-07-12T18:04:11Z
88a86b805c0e,2026-07-03,Switzerland vs Algeria (FIFA WC 2026 R32),Breel Embolo to score (anytime),2.55,10,Win,15.5,25.5,football,,2.5-3.0,,1A,,live,2026-07-12T18:04:11Z,2026-07-12T18:04:11Z
daeae0d85cd5,2026-07-03,Switzerland vs Algeria (FIFA WC 2026 R32),Begge lag scorer Ja,1.9,12,Loss,-12,0,football,,1.8-2.2,,1A,,live,2026-07-12T18:04:11Z,2026-07-12T18:04:11Z
42a99f51649d,2026-07-03,Raufoss vs Strømmen,Raufoss DNB (Uavgjort tilbakebetales),1.77,12,Win,9.24,21.24,football,,1.5-1.8,,1A,,live,2026-07-12T18:04:11Z,2026-07-12T18:04:11Z
072a523c5472,2026-07-03,IK Sirius vs Mjällby,IK Sirius to win,1.6,12,Loss,-12,0,football,,1.5-1.8,,1A,,live,2026-07-12T18:04:11Z,2026-07-12T18:04:11Z
e8f85f3d7ace,2026-07-03,Raufoss vs Strømmen,Over 2.5 Goals,1.45,12,Loss,-12,0,football,,<1.5,,1A,,live,2026-07-12T18:04:11Z,2026-07-12T18:04:11Z
62d7f02a2065,2026-07-03,Kongsvinger vs Sogndal,Kongsvinger to win,1.58,15,Win,8.7,23.7,football,,1.5-1.8,,1A,,live,2026-07-12T18:04:11Z,2026-07-12T18:04:11Z
9dddefd92cf4,2026-07-03,Ranheim vs Stabæk,Stabæk to win,2.1,12,Win,13.3,25.3,football,,1.8-2.2,,1A,,live,2026-07-12T18:04:11Z,2026-07-12T18:04:11Z
0e6ebdf86798,2026-07-03,Sabalenka vs Ostapenko,Sabalenka to win,1.25,10,Win,2.2,12.2,tennis,,<1.5,,1A,,live,2026-07-12T18:04:11Z,2026-07-12T18:04:11Z
2168169ea29d,2026-07-03,Australia vs Egypt (FIFA WC 2026 R32),Egypt DNB (Uavgjort tilbakebetales),1.6,15,Refunded,0,15,football,,1.5-1.8,,1A,,live,2026-07-12T18:04:11Z,2026-07-12T18:04:11Z
e56a5cda1622,2026-07-03,Australia vs Egypt (FIFA WC 2026 R32),Mohamed Salah to score (anytime),2.6,12,Loss,-12,0,football,,2.5-3.0,,1A,,live,2026-07-12T18:04:11Z,2026-07-12T18:04:11Z
1378e25c71c1,2026-07-03,Australia vs Egypt (FIFA WC 2026 R32),Under 1.5 Goals,2.4,10,Loss,-10,0,football,,2.2-2.5,,1A,,live,2026-07-12T18:04:11Z,2026-07-12T18:04:11Z
cbf6cc4c8134,2026-07-03,Drogheda United vs Bohemians Dublin FC (Irish Premier Division),BTTS Ja,1.67,12,Loss,-12,0,football,,1.5-1.8,,1A,,live,2026-07-12T18:04:11Z,2026-07-12T18:04:11Z
a31d01213240,2026-07-03,Sligo Rovers vs Shamrock Rovers (Irish Premier Division),Over 2.5 Goals,1.7,10,Win,7,17,football,,1.5-1.8,,1A,,live,2026-07-12T18:04:11Z,2026-07-12T18:04:11Z
cf7e4ec623aa,2026-07-03,Saint Patrick´s Athletic FC vs Galway United FC (Irish Premier Division),Under 2.5 Goals,2.05,10,Loss,-10,0,football,,1.8-2.2,,1A,,live,2026-07-12T18:04:11Z,2026-07-12T18:04:11Z
915fd3cae5c0,2026-07-03,Shelbourne FC vs Dundalk (Irish Premier Division),Shelbourne DNB (Uavgjort tilbakebetales),1.42,12,Win,5.02,17.02,football,,<1.5,,1A,,live,2026-07-12T18:04:11Z,2026-07-12T18:04:11Z
ab465738e4b9,2026-07-03,Australia vs Egypt (FIFA WC 2026 R32) Extra Time,Ekstraomganger: Uavgjort (go to penalties),1.62,15,Win,8.7,23.7,football,,1.5-1.8,,1A,,live,2026-07-12T18:04:11Z,2026-07-12T18:04:11Z
1d5ffacec89c,2026-07-03,Australia vs Egypt (FIFA WC 2026 R32) Extra Time,Over 0.5 Goals in Extra Time,1.97,10,Loss,-10,0,football,,1.8-2.2,,1A,,live,2026-07-12T18:04:11Z,2026-07-12T18:04:11Z
6b0bc9970daf,2026-07-03,Australia vs Egypt (FIFA WC 2026 R32) Extra Time,Over 2.5 Corners in Extra Time,1.65,12,Win,9.24,21.24,football,,1.5-1.8,,1A,,live,2026-07-12T18:04:11Z,2026-07-12T18:04:11Z
465f5056c0cc,2026-07-03,Argentina vs Cape Verde (FIFA WC 2026 R32),Argentina -2,2.3,15,Loss,-15,0,football,,2.2-2.5,,1A,,live,2026-07-12T18:04:11Z,2026-07-12T18:04:11Z
1f625c2db29d,2026-07-03,Argentina vs Cape Verde (FIFA WC 2026 R32),Begge lag scorer Nei,1.38,18,Loss,-18,0,football,,<1.5,,1A,,live,2026-07-12T18:04:11Z,2026-07-12T18:04:11Z
9d57ef49da0b,2026-07-03,Argentina vs Cape Verde (FIFA WC 2026 R32),Argentina holder nullen Ja,1.4,15,Loss,-15,0,football,,<1.5,,1A,,live,2026-07-12T18:04:11Z,2026-07-12T18:04:11Z
5efa52bc5f97,2026-07-03,Argentina vs Cape Verde (FIFA WC 2026 R32),Lautaro Martinez scorer mål,1.72,12,Loss,-12,0,football,,1.5-1.8,,1A,,live,2026-07-12T18:04:11Z,2026-07-12T18:04:11Z
2b95c92baeaa,2026-07-03,Argentina vs Cape Verde (FIFA WC 2026 R32),Over 2.5 mål,1.6,12,Loss,-12,0,football,,1.5-1.8,,1A,,live,2026-07-12T18:04:11Z,2026-07-12T18:04:11Z
ed9376b83eb8,2026-07-03,Minnesota Lynx vs New York Liberty (WNBA),Minnesota Lynx -1.5,1.72,15,Loss,-15,0,football,,1.5-1.8,,1A,,live,2026-07-12T18:04:11Z,2026-07-12T18:04:11Z
237920b0d871,2026-07-03,Las Vegas Aces vs Chicago Sky (WNBA),Over 180.5,1.82,12,Win,9.84,21.84,football,,1.8-2.2,,1A,,live,2026-07-12T18:04:11Z,2026-07-12T18:04:11Z
0d1a68fbcef7,2026-07-03,New York Yankees vs Minnesota Twins (MLB),New York Yankees -1.5,1.82,12,Win,9.84,21.84,mlb,,1.8-2.2,,1A,,live,2026-07-12T18:04:11Z,2026-07-12T18:04:11Z
fca4eb274652,2026-07-03,Bilibili Gaming vs T1 (LoL MSI),T1 to win,1.67,15,Loss,-15,0,football,,1.5-1.8,,1A,,live,2026-07-12T18:04:11Z,2026-07-12T18:04:11Z
55c957d1df11,2026-07-03,Washington Spirit vs Houston Dash (NWSL),Over 2.5 Goals,1.62,12,Win,7.44,19.44,football,,1.5-1.8,,1A,,live,2026-07-12T18:04:11Z,2026-07-12T18:04:11Z
312bf206fc48,2026-07-03,Colombia vs Ghana (FIFA WC 2026 R32),Colombia -1,2.25,15,Loss,-15,0,football,,2.2-2.5,,1A,,live,2026-07-12T18:04:11Z,2026-07-12T18:04:11Z
f02f5329a890,2026-07-03,Colombia vs Ghana (FIFA WC 2026 R32),Under 2.5 mål,1.77,15,Win,11.55,26.55,football,,1.5-1.8,,1A,,live,2026-07-12T18:04:11Z,2026-07-12T18:04:11Z
7f0da93b107d,2026-07-03,Colombia vs Ghana (FIFA WC 2026 R32),Colombia holder nullen Ja,1.77,12,Win,9.24,21.24,football,,1.5-1.8,,1A,,live,2026-07-12T18:04:11Z,2026-07-12T18:04:11Z
9a614b56b1bf,2026-07-03,Colombia vs Ghana (FIFA WC 2026 R32),Luis Suarez scorer mål,2.15,15,Loss,-15,0,football,,1.8-2.2,,1A,,live,2026-07-12T18:04:11Z,2026-07-12T18:04:11Z
d294141dd649,2026-07-03,Colombia vs Ghana (FIFA WC 2026 R32),Begge lag scorer Nei,1.6,12,Win,7.2,19.2,football,,1.5-1.8,,1A,,live,2026-07-12T18:04:11Z,2026-07-12T18:04:11Z
cd81e502da3f,2026-07-04,Monaro Panthers FC vs Brindabella Blues FC,Over 4.5 Goals,1.65,12,Win,8.4,20.4,football,,1.5-1.8,,1A,,live,2026-07-12T18:04:11Z,2026-07-12T18:04:11Z
49347952d946,2026-07-04,Egersund vs Moss,Over 2.5 Goals,1.45,15,Win,6.75,21.75,football,,<1.5,,1A,,live,2026-07-12T18:04:11Z,2026-07-12T18:04:11Z
0327e9cb1def,2026-07-04,Halmstads BK vs Västerås SK,Uavgjort,3.25,10,Loss,-10,0,football,,>=3.0,,1A,,live,2026-07-12T18:04:11Z,2026-07-12T18:04:11Z
4452e3470f06,2026-07-04,Beijing Guoan vs Shandong Taishan FC,Beijing Guoan to win,1.7,12,Win,8.4,20.4,football,,1.5-1.8,,1A,,live,2026-07-12T18:04:11Z,2026-07-12T18:04:11Z
e8baa2ab26de,2026-07-04,Schoon R / Stam K vs Cavalcante Barbosa Silva R / Solberg Salgado C (FIVB Gstaad Beach Volleyball),Schoon R / Stam K +6.5 (points handicap),2,10,Win,10,20,football,,1.8-2.2,,1A,,live,2026-07-12T18:04:11Z,2026-07-12T18:04:11Z
9422d125a1ad,2026-07-04,Lewis Hamilton to win F1 race (British GP context / current form),Hamilton to win,1.67,12,Loss,-12,0,other,,1.5-1.8,,1A,,live,2026-07-12T18:04:11Z,2026-07-12T18:04:11Z
8b5ff5cf5df4,2026-07-04,Bryne vs Sandnes Ulf (Norway 1. Divisjon),Sandnes Ulf +1 (Handikap 3-veis 0:1),1.82,15,Win,12.3,27.3,football,,1.8-2.2,,1A,,live,2026-07-12T18:04:11Z,2026-07-12T18:04:11Z
58e41e5b44d0,2026-07-04,Hødd vs Strømsgodset (Norway 1. Divisjon),Over 2.5 Goals,1.35,25,Win,8.75,33.75,football,,<1.5,,1A,,live,2026-07-12T18:04:11Z,2026-07-12T18:04:11Z
adfdc3237b62,2026-07-04,Frances Tiafoe vs Alexander Bublik (Tennis),Bublik to win,1.87,12,Win,10.44,22.44,tennis,,1.8-2.2,,1A,,live,2026-07-12T18:04:11Z,2026-07-12T18:04:11Z
3c8b1b47eec6,2026-07-04,Washington Nationals vs Pittsburgh Pirates (MLB incl. extras),Pittsburgh Pirates to win,1.55,20,Win,11,31,mlb,,1.5-1.8,,1A,,live,2026-07-12T18:04:11Z,2026-07-12T18:04:11Z
450b0a9b388d,2026-07-04,Canada vs Morocco (FIFA WC 2026 R16),Over 2.5 mål,2.25,15,Win,19.5,34.5,football,,2.2-2.5,,1A,,live,2026-07-12T18:04:11Z,2026-07-12T18:04:11Z
a754f724c1ec,2026-07-04,Canada vs Morocco (FIFA WC 2026 R16),Jonathan David to score (anytime),3.7,10,Loss,-10,0,football,,>=3.0,,1A,,live,2026-07-12T18:04:11Z,2026-07-12T18:04:11Z
f147c23d7437,2026-07-04,Canada vs Morocco (FIFA WC 2026 R16),Ayoub El Kaabi to score (anytime),2.7,12,Refunded,0,12,football,,2.5-3.0,,1A,,live,2026-07-12T18:04:11Z,2026-07-12T18:04:11Z
b03107662507,2026-07-04,Canada vs Morocco (FIFA WC 2026 R16),Marokko DNB (Uavgjort tilbakebetales),1.3,12,Win,3.36,15.36,football,,<1.5,,1A,,live,2026-07-12T18:04:11Z,2026-07-12T18:04:11Z
78dacec75924,2026-07-04,Oklahoma City Thunder vs Memphis Grizzlies (NBA Summer League),Over 182.5 (Totalt inkl. OT),1.8,15,Win,12,27,football,,1.8-2.2,,1A,,live,2026-07-12T18:04:11Z,2026-07-12T18:04:11Z
53145ffaf57d,2026-07-04,Sha'Carri Richardson vs Adaejah Hodge (100m H2H athletics),"Richardson, Sha'Carri",1.7,12,Loss,-12,0,athletics,,1.5-1.8,,1A,,live,2026-07-12T18:04:11Z,2026-07-12T18:04:11Z
4fc952a5ab2e,2026-07-04,Seattle Mariners vs Toronto Blue Jays (MLB),Under 7.5 (Totalt inkl. extras),1.85,12,Loss,-12,0,mlb,,1.8-2.2,,1A,,live,2026-07-12T18:04:11Z,2026-07-12T18:04:11Z
33b45a60919f,2026-07-04,Gremio Novorizontino SP vs AC Goianiense GO (Brazil),Gremio Novorizontino SP to win,1.87,15,Win,13.05,28.05,football,,1.8-2.2,,1A,,live,2026-07-12T18:04:11Z,2026-07-12T18:04:11Z
5e63ad396299,2026-07-04,Longford Town vs University College Dublin (Irish),Over 2.5 Goals,1.7,12,Win,8.4,20.4,football,,1.5-1.8,,1A,,live,2026-07-12T18:04:11Z,2026-07-12T18:04:11Z
050709b1c366,2026-07-04,Paraguay vs France (FIFA WC 2026 R16),Frankrike -1 (Handikap 3-veis),1.65,20,Loss,-20,0,football,,1.5-1.8,,1A,,live,2026-07-12T18:04:11Z,2026-07-12T18:04:11Z
57f07155b308,2026-07-04,Paraguay vs France (FIFA WC 2026 R16),Over 2.5 mål,1.67,20,Loss,-20,0,football,,1.5-1.8,,1A,,live,2026-07-12T18:04:11Z,2026-07-12T18:04:11Z
be276563b054,2026-07-04,Paraguay vs France (FIFA WC 2026 R16),Begge lag scorer Nei,1.48,15,Win,7.5,22.5,football,,<1.5,,1A,,live,2026-07-12T18:04:11Z,2026-07-12T18:04:11Z
7db5ebcc0f44,2026-07-04,Paraguay vs France (FIFA WC 2026 R16),Kylian Mbappe scorer mål,1.58,15,Win,8.7,23.7,football,,1.5-1.8,,1A,,live,2026-07-12T18:04:11Z,2026-07-12T18:04:11Z
5fd440807a17,2026-07-04,Paraguay vs France (FIFA WC 2026 R16),Kylian Mbappe scorer & Frankrike vinner,1.62,12,Win,7.44,19.44,football,,1.5-1.8,,1A,,live,2026-07-12T18:04:11Z,2026-07-12T18:04:11Z
e21244e4e2c2,2026-07-04,Paraguay vs France (FIFA WC 2026 R16),Ousmane Dembele scorer mål,2.25,12,Loss,-12,0,football,,2.2-2.5,,1A,,live,2026-07-12T18:04:11Z,2026-07-12T18:04:11Z
0ede0dec8a67,2026-07-04,Paraguay vs France (FIFA WC 2026 R16),Michael Olise scorer mål,2.6,10,Loss,-10,0,football,,2.5-3.0,,1A,,live,2026-07-12T18:04:11Z,2026-07-12T18:04:11Z
d1c987b0172e,2026-07-05,Norge vs Japan (HUB Handball),Norge -0.5,1.74,15,Loss,-15,0,handball,,1.5-1.8,,1A,,live,2026-07-12T18:04:11Z,2026-07-12T18:04:11Z
371a40c1d280,2026-07-05,Seattle Storm vs Portland Fire (WNBA),Under 172.5 (incl. OT),1.77,12,Win,9.24,21.24,football,,1.5-1.8,,1A,,live,2026-07-12T18:04:11Z,2026-07-12T18:04:11Z
bbd2af451bed,2026-07-05,Faze Clan vs Eyeballers (CS2),Faze Clan -1.5 (maps),2.1,10,Loss,-10,0,esports,,1.8-2.2,,1A,,live,2026-07-12T18:04:11Z,2026-07-12T18:04:11Z
74272bf3aa07,2026-07-05,North Carolina Courage vs Seattle Reign FC (NWSL),Over 2.5 Goals,1.72,12,Win,8.64,20.64,football,,1.5-1.8,,1A,,live,2026-07-12T18:04:11Z,2026-07-12T18:04:11Z
bbfca77bec9e,2026-07-05,San Diego Wave FC vs Gotham FC (NWSL),Over 2.5 Goals,2.05,10,Loss,-10,0,football,,1.8-2.2,,1A,,live,2026-07-12T18:04:11Z,2026-07-12T18:04:11Z
d398b4215efa,2026-07-05,FC Seoul vs Incheon United FC (K League 1),Over 2.5 Goals,1.95,12,Loss,-12,0,football,,1.8-2.2,,1A,,live,2026-07-12T18:04:11Z,2026-07-12T18:04:11Z
382d51638fcf,2026-07-05,Gimcheon Sangmu FC vs Jeju SK FC (K League 1),Over 2.5 Goals,1.95,10,Loss,-10,0,football,,1.8-2.2,,1A,,live,2026-07-12T18:04:11Z,2026-07-12T18:04:11Z
dbe6e9567c8a,2026-07-05,IFK Göteborg vs AIK,Over 2.5 Goals,1.67,15,Win,10.05,25.05,football,,1.5-1.8,,1A,,live,2026-07-12T18:04:11Z,2026-07-12T18:04:11Z
6d428bf3e73a,2026-07-05,Odd vs Haugesund,Haugesund DNB (Uavgjort tilbakebetales),1.95,12,Win,11.4,23.4,football,,1.8-2.2,,1A,,live,2026-07-12T18:04:11Z,2026-07-12T18:04:11Z
39bdb9d63505,2026-07-05,Elfsborg vs Hammarby,Over 2.5 Goals,1.67,15,Win,10.05,25.05,football,,1.5-1.8,,1A,,live,2026-07-12T18:04:11Z,2026-07-12T18:04:11Z
1ea984b564c1,2026-07-05,Kalmar vs Örgryte IS,Over 2.5 Goals,1.52,12,Win,6.24,18.24,football,,1.5-1.8,,1A,,live,2026-07-12T18:04:11Z,2026-07-12T18:04:11Z
d63bf45cb292,2026-07-05,Tour de France 2026 Stage 2 (Tarragona - Barcelona hilly puncheur/Montjuic),Uno-X rytter topp 10? Ja,2.1,15,Win,16.5,31.5,cycling,,1.8-2.2,,1A,,live,2026-07-12T18:04:11Z,2026-07-12T18:04:11Z
e8775dec4d34,2026-07-05,F1 British Grand Prix 2026 (Silverstone),Blir det Safety Car Periode? Ja,1.45,12,Win,5.4,17.4,other,,<1.5,,1A,,live,2026-07-12T18:04:11Z,2026-07-12T18:04:11Z
b4ac25bb44e5,2026-07-05,F1 British Grand Prix 2026 (Silverstone),"Antonelli, Andrea Kimi raskeste runde",2,10,Win,10,20,other,,1.8-2.2,,1A,,live,2026-07-12T18:04:11Z,2026-07-12T18:04:11Z
67fabc300a9a,2026-07-05,Elfsborg vs Hammarby,BTTS Ja,1.55,10,Win,5.5,15.5,football,,1.5-1.8,,1A,,live,2026-07-12T18:04:11Z,2026-07-12T18:04:11Z
f870c398c027,2026-07-05,Naomi Osaka match,Over 22.5 games,2.1,10,Loss,-10,0,other,,1.8-2.2,,1A,,live,2026-07-12T18:04:11Z,2026-07-12T18:04:11Z
675dc0714cfa,2026-07-05,Brasil vs Norge (FIFA WC 2026 R16),Uavgjort tilbakebetales Norge,2.9,10,Win,19,29,football,,2.5-3.0,,1A,,live,2026-07-12T18:04:11Z,2026-07-12T18:04:11Z
9ab1da319de2,2026-07-05,Brasil vs Norge (FIFA WC 2026 R16),Norge +1,1.92,15,Win,13.8,28.8,football,,1.8-2.2,,1A,,live,2026-07-12T18:04:11Z,2026-07-12T18:04:11Z
b468ca5e52bf,2026-07-05,Brasil vs Norge (FIFA WC 2026 R16),Vinicius Junior scorer mål,2.3,10,Loss,-10,0,football,,2.2-2.5,,1A,,live,2026-07-12T18:04:11Z,2026-07-12T18:04:11Z
8b953cb0a5a8,2026-07-05,Brasil vs Norge (FIFA WC 2026 R16),Erling Haaland scorer mål,2.25,10,Win,12.5,22.5,football,,2.2-2.5,,1A,,live,2026-07-12T18:04:11Z,2026-07-12T18:04:11Z
43762d0ec0de,2026-07-05,Mexico vs England (FIFA WC 2026 R16),Mexico DNB (Uavgjort tilbakebetales),2.1,25,Loss,-25,0,football,,1.8-2.2,,1A,,live,2026-07-12T18:04:11Z,2026-07-12T18:04:11Z
2a6452ccbf15,2026-07-05,Mexico vs England (FIFA WC 2026 R16),Begge lag scorer Ja,2.05,15,Win,15.75,30.75,football,,1.8-2.2,,1A,,live,2026-07-12T18:04:11Z,2026-07-12T18:04:11Z
c507450a6a74,2026-07-05,Mexico vs England (FIFA WC 2026 R16),Totalt antall mål Over 2.5,2.45,12,Win,17.4,29.4,football,,2.2-2.5,,1A,,live,2026-07-12T18:04:11Z,2026-07-12T18:04:11Z
ad3cf18eabd5,2026-07-06,Nautico PE vs EC Juventude RS (Brazil Serie B),Under 2.5 Goals,1.4,15,Win,4.5,19.5,football,,<1.5,,1A,,live,2026-07-12T18:04:11Z,2026-07-12T18:04:11Z
4fbdcaf99eee,2026-07-06,Los Angeles Angels vs Boston Red Sox (MLB),Boston Red Sox -1.5 (incl. extras),1.97,12,Win,11.64,23.64,mlb,,1.8-2.2,,1A,,live,2026-07-12T18:04:11Z,2026-07-12T18:04:11Z
4a84fa35491c,2026-07-06,Stuart Bingham vs Mark Joyce (Snooker HUB),"Bingham, Stuart to win",1.6,15,Loss,-15,0,snooker,,1.5-1.8,,1A,,live,2026-07-12T18:04:11Z,2026-07-12T18:04:11Z
d19569d8e628,2026-07-06,Bilibili Gaming vs Lyon Gaming (LoL Esports Bo5),Bilibili Gaming -2.5 maps,1.52,18,Win,9.36,27.36,esports,,1.5-1.8,,1A,,live,2026-07-12T18:04:11Z,2026-07-12T18:04:11Z
3fcdd491fe11,2026-07-06,Portugal vs Spania (FIFA WC 2026 R16),Uavgjort tilbakebetales Spania,1.4,15,Win,6.75,21.75,football,,<1.5,,1A,,live,2026-07-12T18:04:11Z,2026-07-12T18:04:11Z
ce29158db0ac,2026-07-06,Portugal vs Spania (FIFA WC 2026 R16),Begge lag scorer Nei,2.1,12,Win,13.2,25.2,football,,1.8-2.2,,1A,,live,2026-07-12T18:04:11Z,2026-07-12T18:04:11Z
f5bf81dcc028,2026-07-06,USA vs Belgium (FIFA WC 2026 R16),USA DNB (Uavgjort tilbakebetales),1.77,20,Loss,-20,0,football,,1.5-1.8,,1A,,live,2026-07-12T18:04:11Z,2026-07-12T18:04:11Z
41ed70dfafb8,2026-07-06,USA vs Belgium (FIFA WC 2026 R16),Begge lag scorer Nei,2.4,12,Loss,-12,0,football,,2.2-2.5,,1A,,live,2026-07-12T18:04:11Z,2026-07-12T18:04:11Z
769c304a75b8,2026-07-06,USA vs Belgium (FIFA WC 2026 R16),Romelu Lukaku to score (anytime),2.4,10,Win,14,24,football,,2.2-2.5,,1A,,live,2026-07-12T18:04:11Z,2026-07-12T18:04:11Z
aa636c87b61d,2026-07-07,Tour de France 2026 Stage 4 (Carcassonne - Foix),Mads Pedersen to win,3,15,Win,30,45,cycling,,>=3.0,,1A,,live,2026-07-12T18:04:11Z,2026-07-12T18:04:11Z
777c7e248e19,2026-07-07,Dota 2 Esports World Cup 2026 - Rune Eaters Esports vs Xtreme Gaming,Xtreme Gaming -0.5 maps,1.72,12,Loss,-12,0,esports,,1.5-1.8,,1A,,live,2026-07-12T18:04:11Z,2026-07-12T18:04:11Z
963559750434,2026-07-07,Argentina vs Egypt (FIFA WC 2026 R16),Argentina to win,1.33,20,Win,6.6,26.6,football,,<1.5,,1A,,live,2026-07-12T18:04:11Z,2026-07-12T18:04:11Z
4f44d94a78a7,2026-07-07,Argentina vs Egypt (FIFA WC 2026 R16),BTTS No,1.52,15,Loss,-15,0,football,,1.5-1.8,,1A,,live,2026-07-12T18:04:11Z,2026-07-12T18:04:11Z
6a403ce657e8,2026-07-07,Argentina vs Egypt (FIFA WC 2026 R16),Lionel Messi to score (anytime),1.62,15,Win,9.75,24.75,football,,1.5-1.8,,1A,,live,2026-07-12T18:04:11Z,2026-07-12T18:04:11Z
a6a61b48466a,2026-07-07,UNA Strassen vs SP La Fiorita (UEFA Conference League 1Q),UNA Strassen to win,1.3,20,Win,6.6,26.6,football,,<1.5,,1A,,live,2026-07-12T18:04:11Z,2026-07-12T18:04:11Z
779c7cbaef87,2026-07-07,Tre Fiori vs Larne (UEFA Conference League 1Q),Larne to win,1.38,15,Win,6,21,football,,<1.5,,1A,,live,2026-07-12T18:04:11Z,2026-07-12T18:04:11Z
c1a7a6160d27,2026-07-07,Floriana vs Shamrock Rovers (UEFA Conference League 1Q),Shamrock Rovers to win,1.87,15,Loss,-15,0,football,,1.8-2.2,,1A,,live,2026-07-12T18:04:11Z,2026-07-12T18:04:11Z
892b81c63aad,2026-07-07,Switzerland vs Colombia (FIFA WC 2026 R16),Colombia DNB (Uavgjort tilbakebetales),1.52,25,Refunded,0,25,football,,1.5-1.8,,1A,,live,2026-07-12T18:04:11Z,2026-07-12T18:04:11Z
b40ca5b709c1,2026-07-07,Switzerland vs Colombia (FIFA WC 2026 R16),BTTS Nei,1.85,10,Win,8,18,football,,1.8-2.2,,1A,,live,2026-07-12T18:04:11Z,2026-07-12T18:04:11Z
d17326a5b0ef,2026-07-09,Qarabag FK vs Opponent (Europa/Conference Qual),Over 4.5 Goals,2.8,10,Loss,-10,0,football,,2.5-3.0,,1B,,live,2026-07-12T18:04:11Z,2026-07-12T18:04:11Z
113e478a2fc2,2026-07-09,Denmark vs Opponent,Denmark -3.5 Handicap,2.1,15,Loss,-15,0,football,,1.8-2.2,,1B,,live,2026-07-12T18:04:11Z,2026-07-12T18:04:11Z
cc784124d9ff,2026-07-09,Qarabag FK vs Opponent,BTTS Yes,2.145,10,Win,11.45,21.45,football,,1.8-2.2,,1B,,live,2026-07-12T18:04:11Z,2026-07-12T18:04:11Z
ca56bf27bea6,2026-07-09,Nomme Kalju vs Opponent (Meistriliiga),Over 2.5 Goals,1.8,12,Loss,-12,0,football,,1.8-2.2,,1B,,live,2026-07-12T18:04:11Z,2026-07-12T18:04:11Z
da2f941d48a9,2026-07-09,Dobbel: Criciuma EC SC + Tadej Pogacar not to win (TDF),Criciuma Win & Pogacar Not Win Double,2.5,20,Loss,-20,0,cycling,,2.5-3.0,,1B,,live,2026-07-12T18:04:11Z,2026-07-12T18:04:11Z
87b48705fdc8,2026-07-09,Criciuma EC SC vs Opponent (Brazil Serie),Over 2.5 Goals,2.52,10,Win,15.2,25.2,football,,2.5-3.0,,1B,,live,2026-07-12T18:04:11Z,2026-07-12T18:04:11Z
4d4a73bc2332,2026-07-10,Tour de France 2026 Stage 7 (Hagetmau to Bordeaux),"Olav Kooij to win (strong recent form, stage 5 winner, high confidence, value at odds)",2.75,15,Loss,-15,0,cycling,,2.5-3.0,,1B,,live,2026-07-12T18:04:11Z,2026-07-12T18:04:11Z
d431fb946a93,2026-07-10,Tour de France 2026 Stage 7 (Hagetmau to Bordeaux),"Jasper Philipsen top 3 (best leadout, Bordeaux history, solid value)",1.65,12,Loss,-12,0,cycling,,1.5-1.8,,1B,,live,2026-07-12T18:04:11Z,2026-07-12T18:04:11Z
6a572428b707,2026-07-10,Tour de France 2026 Stage 7 (Hagetmau to Bordeaux),"Biniam Girmay top 3 (reliable acceleration, momentum, positive EV)",2.5,10,Win,15,25,cycling,,2.5-3.0,,1B,,live,2026-07-12T18:04:11Z,2026-07-12T18:04:11Z
